"lat","lon","elevation_m","ruggedness_std_m","ruggedness_range_m"
"47.5","-0.5","35","7.8","21"
"47.25","0.25","43","21.6","58"
"47.25","0.75","82","12.2","34"
"47.75","0.25","62","27.7","80"
"47.75","0.75","74","32.3","77"
"47.25","1.25","151","11.3","31"
"47.25","1.75","132","15.9","40"
"47.75","1.25","123","1","2"
"47.75","1.75","108","7.7","21"
"47.25","2.25","143","27.8","74"
"47.25","2.75","228","34.2","85"
"47.75","2.25","152","16.3","44"
"47.75","2.75","154","7.8","21"
"47.5","3.5","199","24.4","72"
"47.5","4.5","396","50.2","147"
"47.5","5.5","235","8.3","26"
"47.25","6.25","450","97.6","274"
"47.25","6.75","772","127.1","385"
"47.75","6.25","326","52.4","156"
"47.75","6.75","741","125.8","331"
"47.25","7.25","1011","160.9","440"
"47.25","7.75","455","32.3","93"
"47.75","7.25","256","17.6","50"
"47.75","7.75","845","86.5","224"
"47.25","8.25","534","123.7","363"
"47.25","8.75","532","40.7","103"
"47.75","8.25","938","107.7","305"
"47.75","8.75","477","55.9","163"
"47.25","9.25","1192","100.9","269"
"47.25","9.75","1185","364","1132"
"47.75","9.25","441","27.2","77"
"47.75","9.75","666","64.5","177"
"47.25","10.25","1308","339.5","931"
"47.25","10.75","790","502.6","1439"
"47.75","10.25","786","101.7","245"
"47.75","10.75","884","50.8","115"
"47.25","11.25","721","414.2","1157"
"47.25","11.75","2153","459.4","1136"
"47.75","11.25","675","28","79"
"47.75","11.75","758","29.2","88"
"47.25","12.25","946","414.4","1188"
"47.25","12.75","1251","537.1","1455"
"47.75","12.25","1336","299.4","725"
"47.75","12.75","705","277","784"
"47.25","13.25","1915","363.9","995"
"47.25","13.75","1794","183.5","430"
"47.75","13.25","687","257.3","641"
"47.75","13.75","948","303.2","909"
"47.25","14.25","1609","357.6","1087"
"47.25","14.75","942","211.2","565"
"47.75","14.25","549","200.9","588"
"47.75","14.75","1390","218.2","659"
"47.5","15.5","1047","239.4","664"
"47.25","16.25","292","32.6","87"
"47.25","16.75","192","6.2","17"
"47.75","16.25","294","121.2","318"
"47.75","16.75","115","1.8","4"
"47.5","17.5","128","6.9","20"
"47.5","18.5","218","97.8","271"
"48.5","-0.5","120","27.8","69"
"48.25","0.25","75","25.5","74"
"48.25","0.75","198","43.5","102"
"48.75","0.25","230","8.6","26"
"48.75","0.75","211","7.1","19"
"48.25","1.25","159","9.6","27"
"48.25","1.75","138","2.6","7"
"48.75","1.25","138","10.8","32"
"48.75","1.75","192","13.5","35"
"48.25","2.25","130","2.3","7"
"48.25","2.75","143","35","79"
"48.75","2.25","175","49.2","124"
"48.75","2.75","110","16.1","50"
"48.25","3.25","62","41","120"
"48.25","3.75","136","32.1","93"
"48.75","3.25","159","18.7","50"
"48.75","3.75","208","42.9","110"
"48.25","4.25","142","14.1","40"
"48.25","4.75","189","27.7","85"
"48.75","4.25","184","19.1","53"
"48.75","4.75","111","8","18"
"48.25","5.25","351","56","134"
"48.25","5.75","375","55.5","156"
"48.75","5.25","306","48.8","138"
"48.75","5.75","381","53.3","144"
"48.25","6.25","343","39.5","110"
"48.25","6.75","484","21.9","68"
"48.75","6.25","235","24.1","68"
"48.75","6.75","217","20.3","56"
"48.5","7.5","178","29.7","83"
"48.25","8.25","621","170.8","417"
"48.25","8.75","665","54.3","124"
"48.75","8.25","183","117.8","311"
"48.75","8.75","562","78.6","231"
"48.25","9.25","775","25.1","67"
"48.25","9.75","505","22.5","52"
"48.75","9.25","313","64.9","180"
"48.75","9.75","532","48.7","109"
"48.5","10.5","495","32.1","86"
"48.25","11.25","533","11.4","34"
"48.25","11.75","481","10.8","34"
"48.75","11.25","376","14","38"
"48.75","11.75","412","41.7","106"
"48.25","12.25","476","48.4","141"
"48.25","12.75","374","34.2","85"
"48.75","12.25","444","35.7","98"
"48.75","12.75","335","4.5","13"
"48.25","13.25","381","45","123"
"48.25","13.75","395","31.2","88"
"48.75","13.25","407","71.3","177"
"48.75","13.75","679","70.8","211"
"48.25","14.25","275","26.1","75"
"48.25","14.75","416","85.6","257"
"48.75","14.25","678","111.4","322"
"48.75","14.75","592","127.1","378"
"48.5","15.5","617","30.1","83"
"48.5","16.5","247","30.3","72"
"48.5","17.5","221","51.6","146"
"49.5","-0.5","0","0","0"
"49.25","0.25","126","43.2","124"
"49.25","0.75","142","10.4","31"
"49.75","0.25","0","38","95"
"49.75","0.75","102","24.8","66"
"49.5","1.5","190","31.9","97"
"49.25","2.25","160","30.9","78"
"49.25","2.75","108","17.1","50"
"49.75","2.25","152","27.7","74"
"49.75","2.75","93","3.3","10"
"49.25","3.25","140","22.6","65"
"49.25","3.75","79","42","132"
"49.75","3.25","82","9.2","26"
"49.75","3.75","94","23.8","70"
"49.5","4.5","78","14","37"
"49.5","5.5","321","53.1","152"
"49.25","6.25","190","30.3","93"
"49.25","6.75","192","29.9","78"
"49.75","6.25","354","31.4","89"
"49.75","6.75","274","84.7","262"
"49.5","7.5","390","69.2","181"
"49.25","8.25","123","8.6","23"
"49.25","8.75","183","26.6","72"
"49.75","8.25","166","43.7","132"
"49.75","8.75","266","54.5","135"
"49.25","9.25","191","26.2","76"
"49.25","9.75","416","24","75"
"49.75","9.25","221","63.7","189"
"49.75","9.75","320","35.2","104"
"49.25","10.25","461","24.9","76"
"49.25","10.75","446","24.3","61"
"49.75","10.25","222","20.6","54"
"49.75","10.75","279","12.6","30"
"49.25","11.25","399","12.9","33"
"49.25","11.75","531","24.9","73"
"49.75","11.25","540","82.8","241"
"49.75","11.75","461","30","75"
"49.25","12.25","381","26.9","74"
"49.25","12.75","374","37.2","100"
"49.75","12.25","516","33.8","104"
"49.75","12.75","491","20","55"
"49.5","13.5","465","36","93"
"49.5","14.5","614","40","105"
"49.5","15.5","594","40.1","119"
"49.5","16.5","482","77.8","225"
"49.5","17.5","223","58.6","153"
"50.5","-0.5","0","0","0"
"50.5","0.5","0","0","0"
"50.5","1.5","0","0","0"
"50.5","2.5","68","33.5","95"
"50.25","3.25","36","11.6","31"
"50.25","3.75","154","26.2","73"
"50.75","3.25","39","11.7","32"
"50.75","3.75","83","15.3","39"
"50.25","4.25","225","20.1","50"
"50.75","4.25","39","30.5","84"
"50.75","4.75","106","27.4","84"
"50.25","5.25","309","37.4","92"
"50.25","5.75","606","62.9","164"
"50.75","5.25","93","20.5","57"
"50.75","5.75","91","36.4","107"
"50.25","6.25","531","21.1","58"
"50.25","6.75","544","44.1","130"
"50.75","6.25","244","63.6","172"
"50.75","6.75","136","18.5","56"
"50.25","7.25","387","42.6","100"
"50.25","7.75","328","57.1","163"
"50.75","7.25","135","40.9","126"
"50.75","7.75","309","50.4","134"
"50.25","8.25","252","73.8","207"
"50.25","8.75","116","27.2","73"
"50.75","8.25","273","36.6","103"
"50.75","8.75","238","27.8","75"
"50.25","9.25","422","95.6","281"
"50.25","9.75","443","47.2","130"
"50.75","9.25","295","34.8","102"
"50.75","9.75","359","89.5","272"
"50.25","10.25","314","31.2","79"
"50.25","10.75","311","19.5","54"
"50.75","10.25","543","100.4","287"
"50.75","10.75","717","148","360"
"50.25","11.25","317","42.5","125"
"50.25","11.75","565","29.6","79"
"50.75","11.25","392","63.2","197"
"50.75","11.75","320","39.5","108"
"50.5","12.5","708","46.7","123"
"50.5","13.5","288","59.8","181"
"50.5","14.5","363","63.5","181"
"50.5","15.5","435","25.5","75"
"50.5","16.5","381","33.1","102"
"50.5","17.5","187","19.4","54"
"51.25","-0.75","88","19.8","56"
"51.25","-0.25","78","50.2","144"
"51.75","-0.75","181","54.5","149"
"51.75","-0.25","77","16.7","52"
"51.5","0.5","0","1.7","4"
"51.25","1.25","35","29.5","86"
"51.25","1.75","0","0","0"
"51.75","1.25","0","0","0"
"51.75","1.75","0","0","0"
"51.25","2.25","0","0","0"
"51.25","2.75","0","0","0"
"51.75","2.25","0","0","0"
"51.75","2.75","0","0","0"
"51.25","3.25","0","3.1","8"
"51.25","3.75","0","1.4","4"
"51.75","3.25","0","0","0"
"51.75","3.75","0","0","0"
"51.25","4.25","8","3.7","11"
"51.25","4.75","32","7.2","20"
"51.75","4.25","0","0.4","1"
"51.75","4.75","0","1.9","5"
"51.5","5.5","14","2.8","8"
"51.25","6.25","55","10.3","28"
"51.25","6.75","25","5.5","16"
"51.75","6.25","17","10.8","27"
"51.75","6.75","45","5.8","15"
"51.25","7.25","277","44","127"
"51.25","7.75","179","89.2","254"
"51.75","7.25","67","15.5","45"
"51.75","7.75","73","8.1","24"
"51.25","8.25","493","62.7","190"
"51.25","8.75","432","51.9","149"
"51.75","8.25","99","12.4","34"
"51.75","8.75","113","24.2","72"
"51.25","9.25","308","37.2","98"
"51.25","9.75","513","51.9","148"
"51.75","9.25","330","68","187"
"51.75","9.75","329","82.7","237"
"51.25","10.25","400","62.6","172"
"51.25","10.75","268","21.6","63"
"51.75","10.25","260","125.2","301"
"51.75","10.75","469","26.6","80"
"51.5","11.5","268","56.3","159"
"51.5","12.5","100","17.5","46"
"51.5","13.5","119","16.5","50"
"51.5","14.5","121","9.7","26"
"51.5","15.5","142","11.1","30"
"51.5","16.5","87","17.4","48"
"51.5","17.5","115","8.2","21"
"52.5","-0.5","36","16.8","50"
"52.5","0.5","2","5.1","15"
"52.25","1.25","60","11.8","32"
"52.25","1.75","0","0","0"
"52.75","1.25","25","14.3","42"
"52.75","1.75","0","0","0"
"52.25","2.25","0","0","0"
"52.25","2.75","0","0","0"
"52.75","2.25","0","0","0"
"52.75","2.75","0","0","0"
"52.25","3.25","0","0","0"
"52.25","3.75","0","0","0"
"52.75","3.25","0","0","0"
"52.75","3.75","0","0","0"
"52.25","4.25","0","0","0"
"52.25","4.75","-2","1.4","4"
"52.75","4.25","0","0","0"
"52.75","4.75","-1","1","3"
"52.25","5.25","9","8.5","21"
"52.25","5.75","26","15.6","45"
"52.75","5.25","-1","0.6","2"
"52.75","5.75","-4","1.4","4"
"52.25","6.25","8","2.2","6"
"52.25","6.75","16","5.3","15"
"52.75","6.25","1","5.6","15"
"52.75","6.75","14","1.4","4"
"52.25","7.25","45","4.2","9"
"52.25","7.75","68","37","95"
"52.75","7.25","10","10.7","29"
"52.75","7.75","37","5.2","13"
"52.5","8.5","38","2.3","6"
"52.5","9.5","41","6.7","21"
"52.5","10.5","59","4","11"
"52.5","11.5","75","7.4","21"
"52.5","12.5","31","7.5","20"
"52.5","13.5","45","10.5","32"
"52.5","14.5","9","18.8","48"
"52.5","15.5","63","5.2","12"
"52.5","16.5","89","18.2","50"
"52.5","17.5","120","2.6","7"
"51.0122416597396","8.67359068093063","328","57.8","157"
"50.0883710111786","4.35250285594612","209","18.5","45"
"47.9415701869002","12.7193851529998","521","70.9","182"
"51.9683323603687","2.56166876119342","0","0","0"
"50.363364038629","0.783561626504864","0","0","0"
"50.1037064559235","13.032287048585","602","45.1","132"
"47.5008399269798","7.0983176064658","457","40.3","112"
"47.7602658207691","8.92074614304763","416","20.6","59"
"47.5221502013126","16.7587514851428","225","33","95"
"48.87036496554","15.3113317271663","480","33.7","97"
"52.1206214934626","14.6092956538437","83","45.2","130"
"48.8513948815175","17.3971112463184","343","121.8","334"
"50.4990434161687","16.4468403120299","379","93.3","242"
"47.0141632597325","11.6893804361532","2318","205.7","588"
"48.15453480866","17.0094330204643","134","65","185"
"47.7865222995564","17.797860952524","110","0.7","2"
"48.3249933275126","7.7401992859628","164","3.7","10"
"50.5321655273438","17.6236604389391","202","7.8","21"
